Date,Bitcoin,Ethereum,Dogecoin
2017-06-03,2545.4,217.01,0.003213
2017-06-04,2524.1,241.06,0.00377
2017-06-05,2705,242.16,0.003718
2017-06-06,2870.5,261.89,0.003617
2017-06-07,2691.5,250.7,0.00325
2017-06-08,2798.8,256.95,0.003431
2017-06-09,2811.4,278.41,0.003426
2017-06-10,2900.3,325.88,0.003278
2017-06-11,2973.4,336.33,0.003454
2017-06-12,2656.8,386.9,0.00299
2017-06-13,2713,382.7,0.003187
2017-06-14,2467.3,335.95,0.002824
2017-06-15,2442.5,338.7,0.002936
2017-06-16,2508.6,348.44,0.003058
2017-06-17,2655.1,364.56,0.003246
2017-06-18,2539.6,348.88,0.002994
2017-06-19,2616.8,355.5,0.003168
2017-06-20,2754.4,344.15,0.003104
2017-06-21,2677.6,321.66,0.002963
2017-06-22,2722.8,320.94,0.002987
2017-06-23,2710.4,324.37,0.003074
2017-06-24,2590.1,296.89,0.0029
2017-06-25,2541.6,277,0.002573
2017-06-26,2446.1,251.3,0.002516
2017-06-27,2583.8,279,0.002534
2017-06-28,2577.7,311.62,0.0028
2017-06-29,2558.4,285.3,0.002534
2017-06-30,2480.6,275.62,0.002555
2017-07-01,2424.6,255,0.002239
2017-07-02,2536.5,277.64,0.00246
2017-07-03,2572.5,273.99,0.002502
2017-07-04,2617.3,266.68,0.002525
2017-07-05,2627.9,264.77,0.00265
2017-07-06,2614.2,265.35,0.002688
2017-07-07,2513.9,238.38,0.002382
2017-07-08,2564.9,245.23,0.002351
2017-07-09,2511.4,234.97,0.002284
2017-07-10,2344,202,0.00218
2017-07-11,2324.3,188.63,0.00218
2017-07-12,2403.1,223.92,0.001848
2017-07-13,2362.4,205,0.001783
2017-07-14,2234.2,196.49,0.001661
2017-07-15,1975.1,170.15,0.001466
2017-07-16,1914.1,157.4,0.001305
2017-07-17,2233.4,190.16,0.001563
2017-07-18,2320.2,226.56,0.001802
2017-07-19,2282.6,194.63,0.001637
2017-07-20,2866,227.29,0.001872
2017-07-21,2675.1,216.11,0.001949
2017-07-22,2836.5,232.01,0.002093
2017-07-23,2756.6,228.15,0.002007
2017-07-24,2763.4,226.59,0.002025
2017-07-25,2582.6,202.7,0.001759
2017-07-26,2559.2,203.33,0.001783
2017-07-27,2691.9,202.54,0.001842
2017-07-28,2806.8,191.2,0.001767
2017-07-29,2733.5,206.76,0.001744
2017-07-30,2766.5,195.31,0.001686
2017-07-31,2883.3,200.81,0.001674
2017-08-01,2747,225.97,0.001781
2017-08-02,2720.5,218,0.001846
2017-08-03,2810,224.79,0.001763
2017-08-04,2878.5,220.73,0.001819
2017-08-05,3262.8,253.87,0.002068
2017-08-06,3232,264.29,0.001936
2017-08-07,3401.9,269.51,0.001948
2017-08-08,3429.4,295.83,0.001965
2017-08-09,3348.8,293.99,0.001915
2017-08-10,3425.7,295.97,0.001935
2017-08-11,3654.4,308.81,0.001871
2017-08-12,3871.6,307.22,0.001854
2017-08-13,4062.6,296.64,0.001779
2017-08-14,4327.9,298.22,0.001754
2017-08-15,4161.7,286,0.001699
2017-08-16,4387.4,301.34,0.001766
2017-08-17,4278.9,299,0.001696
2017-08-18,4105.4,292,0.001653
2017-08-19,4150.5,292.78,0.001661
2017-08-20,4066.6,298.37,0.001682
2017-08-21,4005.1,322.24,0.001687
2017-08-22,4089.7,312.54,0.001699
2017-08-23,4141.1,316.5,0.001702
2017-08-24,4318.4,325.62,0.001805
2017-08-25,4364.4,328.7,0.001724
2017-08-26,4352.3,332.72,0.001752
2017-08-27,4345.8,348.01,0.001755
2017-08-28,4390.3,347.09,0.001794
2017-08-29,4597.3,372,0.001891
2017-08-30,4583,382.78,0.002119
2017-08-31,4735.1,387.3,0.0021
2017-09-01,4921.9,390.35,0.002492
2017-09-02,4573.8,345,0.002178
2017-09-03,4612.9,350.63,0.00216
2017-09-04,4267.5,295.81,0.001879
2017-09-05,4409.1,316.18,0.002049
2017-09-06,4618.7,337.36,0.002031
2017-09-07,4635.6,334.1,0.002
2017-09-08,4326.5,304,0.0018
2017-09-09,4335.1,303.08,0.001728
2017-09-10,4245.9,297.9,0.001544
2017-09-11,4217.9,297.19,0.001522
2017-09-12,4158.9,293.9,0.001493
2017-09-13,3870.3,275.48,0.001404
2017-09-14,3243.1,222.5,0.000953
2017-09-15,3713.8,258.68,0.000965
2017-09-16,3698.9,253,0.000914
2017-09-17,3689.6,257,0.000865
2017-09-18,4100.3,296.81,0.00094
2017-09-19,3908,282.63,0.000876
2017-09-20,3882.2,283.5,0.000838
2017-09-21,3617.3,256.67,0.000776
2017-09-22,3600.8,262.19,0.000774
2017-09-23,3788,285.9,0.000944
2017-09-24,3667.5,282,0.00089
2017-09-25,3932.8,295.2,0.001146
2017-09-26,3892.7,289.28,0.00115
2017-09-27,4212.2,309.75,0.001159
2017-09-28,4195.6,302.63,0.001109
2017-09-29,4172.8,292.66,0.001089
2017-09-30,4360.6,303.44,0.001168
2017-10-01,4403.1,304.26,0.001076
2017-10-02,4401.3,296.82,0.001051
2017-10-03,4314.2,291.69,0.001023
2017-10-04,4218.7,291.4,0.001014
2017-10-05,4321.4,295.12,0.001007
2017-10-06,4371.9,308.43,0.001024
2017-10-07,4435.8,311.46,0.001042
2017-10-08,4611.7,309.82,0.00106
2017-10-09,4777.5,297.4,0.000976
2017-10-10,4763.4,299.32,0.000999
2017-10-11,4824.2,303.2,0.001036
2017-10-12,5432.6,303.06,0.001051
2017-10-13,5637.3,337.46,0.00102
2017-10-14,5824.7,339.24,0.001067
2017-10-15,5688.1,337.23,0.00108
2017-10-16,5759.3,334.46,0.001151
2017-10-17,5598.6,315.65,0.001066
2017-10-18,5575.8,313.45,0.001052
2017-10-19,5698.6,306.97,0.001069
2017-10-20,5993.1,302.61,0.00104
2017-10-21,6006.6,299.23,0.00098
2017-10-22,5982.9,293.55,0.001013
2017-10-23,5903.6,284.85,0.00101
2017-10-24,5513.1,296.3,0.00106
2017-10-25,5734,295.46,0.001079
2017-10-26,5887.6,295.1,0.00106
2017-10-27,5764.6,295.99,0.001042
2017-10-28,5726.6,293.49,0.001014
2017-10-29,6147.5,304.39,0.001181
2017-10-30,6124.3,307,0.00116
2017-10-31,6451.2,303.69,0.001147
2017-11-01,6737.8,288.6,0.001125
2017-11-02,7024.8,284.89,0.00112
2017-11-03,7152.1,303.47,0.001133
2017-11-04,7363.8,299.48,0.001179
2017-11-05,7389.5,295.63,0.001169
2017-11-06,6959.2,296.9,0.001143
2017-11-07,7102.8,291.42,0.001169
2017-11-08,7444.4,307.5,0.001191
2017-11-09,7129.6,319.52,0.001392
2017-11-10,6565.8,296.18,0.001158
2017-11-11,6339.9,313.07,0.001172
2017-11-12,5878.1,303.9,0.00106
2017-11-13,6522.5,313.22,0.001162
2017-11-14,6597.1,334.28,0.001171
2017-11-15,7283.2,330.59,0.001295
2017-11-16,7853.7,330.76,0.001353
2017-11-17,7700,331,0.001298
2017-11-18,7780.9,346.68,0.00132
2017-11-19,8042.6,354.7,0.001362
2017-11-20,8244.7,367.94,0.001373
2017-11-21,8100,360,0.001376
2017-11-22,8234.5,380.48,0.001837
2017-11-23,8013.4,405.19,0.001905
2017-11-24,8200.8,470.51,0.001903
2017-11-25,8754.7,464,0.002074
2017-11-26,9318.4,464,0.001957
2017-11-27,9733.2,473.44,0.001965
2017-11-28,9906,465.56,0.00236
2017-11-29,9837.9,420.34,0.002043
2017-11-30,9946.8,432.21,0.002053
2017-12-01,10861.5,460.67,0.002127
2017-12-02,10912.7,455.51,0.002073
2017-12-03,11246.2,459.49,0.002186
2017-12-04,11623.9,465,0.002439
2017-12-05,11667.1,451.87,0.002467
2017-12-06,13749.6,413.71,0.002586
2017-12-07,16850.3,415.02,0.002666
2017-12-08,16047.6,442.19,0.002692
2017-12-09,14843.4,460.92,0.002564
2017-12-10,15059.6,429.24,0.002519
2017-12-11,16732.5,515.25,0.002646
2017-12-12,17083.9,634.87,0.003126
2017-12-13,16286.8,690.69,0.003382
2017-12-14,16467.9,686.51,0.003591
2017-12-15,17604.8,678.29,0.003659
2017-12-16,19345.5,683.25,0.005634
2017-12-17,19065.7,708.78,0.005841
2017-12-18,18972.3,783.99,0.00627
2017-12-19,17523.7,799.98,0.005409
2017-12-20,16462,794.99,0.006392
2017-12-21,15632.1,786.97,0.007497
2017-12-22,13665,628.19,0.006071
2017-12-23,14396.5,672.59,0.006949
2017-12-24,13790,659.89,0.008356
2017-12-25,13833.5,709.81,0.008648
2017-12-26,15756.6,749.8,0.009332
2017-12-27,15416.6,736.45,0.008861
2017-12-28,14398.7,711.42,0.008244
2017-12-29,14392.6,731.52,0.009228
2017-12-30,12531.5,682.22,0.007672
2017-12-31,13850.4,736.77,0.008927
2018-01-01,13444.9,752.46,0.008678
2018-01-02,14754.1,858.78,0.009
2018-01-03,15156.6,942.01,0.009205
2018-01-04,15180.1,940,0.009613
2018-01-05,16954.8,962.77,0.01255
2018-01-06,17172.3,1004.3,0.01463
2018-01-07,16228.2,1115.8,0.017
2018-01-08,14976.2,1129.3,0.01542
2018-01-09,14778.5,1283.7,0.0131
2018-01-10,15043,1248,0.012839
2018-01-11,13535.4,1135.5,0.011189
2018-01-12,13886.7,1257.2,0.012566
2018-01-13,14292.2,1380,0.012259
2018-01-14,13695.2,1350,0.011232
2018-01-15,13697.5,1273.4,0.009721
2018-01-16,11362,1020.1,0.006564
2018-01-17,11192.3,1017.5,0.00762
2018-01-18,11245.4,994.81,0.00753
2018-01-19,11580.2,1032.6,0.007787
2018-01-20,12858.9,1146,0.008359
2018-01-21,11594.9,1047,0.006975
2018-01-22,10864.8,995.08,0.00665
2018-01-23,10903.2,982.98,0.006605
2018-01-24,11452.3,1063.2,0.00706
2018-01-25,11203,1048.2,0.00749
2018-01-26,11118.1,1047,0.007169
2018-01-27,11467.5,1114.8,0.007383
2018-01-28,11795.1,1246.6,0.00761
2018-01-29,11244.8,1175,0.006942
2018-01-30,10166,1071.9,0.006136
2018-01-31,10265.4,1118.08,0.006006
2018-02-01,9181.1,1033.55,0.005126
2018-02-02,8893.2,920.85,0.004566
2018-02-03,9241.1,971.49,0.00515
2018-02-04,8222.2,829.43,0.00441
2018-02-05,6938.5,696.86,0.003547
2018-02-06,7701.2,783.83,0.00442
2018-02-07,7594.7,753.18,0.004222
2018-02-08,8164.2,805.4,0.00458
2018-02-09,8699.8,877.85,0.005028
2018-02-10,8559.6,851.39,0.005018
2018-02-11,8081.9,810.45,0.004942
2018-02-12,8903.5,865.62,0.005548
2018-02-13,8539.2,841.38,0.005694
2018-02-14,9476.3,919.67,0.006785
2018-02-15,10037.3,927.56,0.007303
2018-02-16,10178.7,937.5,0.006952
2018-02-17,11073.5,971.54,0.007035
2018-02-18,10398.8,913.1,0.006463
2018-02-19,11169.4,940.08,0.006712
2018-02-20,11238.7,884.51,0.007152
2018-02-21,10473,839.1,0.006648
2018-02-22,9841.7,803.66,0.006233
2018-02-23,10170.4,856.65,0.006675
2018-02-24,9704.3,834.36,0.006272
2018-02-25,9585.2,840.88,0.006083
2018-02-26,10285.1,866.99,0.006294
2018-02-27,10594.4,871.44,0.00633
2018-02-28,10333.9,852.49,0.00607
2018-03-01,10904.5,870.04,0.006193
2018-03-02,10827.7,856.09,0.005549
2018-03-03,11402.3,855.91,0.005262
2018-03-04,11416.5,865.53,0.005466
2018-03-05,11330.6,850.24,0.005261
2018-03-06,10675.1,814.88,0.004606
2018-03-07,9902.9,749.98,0.00406
2018-03-08,9300,698.96,0.003995
2018-03-09,9217,725.89,0.004151
2018-03-10,8762,682.52,0.003989
2018-03-11,9529.6,720.12,0.004159
2018-03-12,9137.4,697.04,0.00404
2018-03-13,9154.9,689.57,0.003971
2018-03-14,8210.6,612.09,0.003599
2018-03-15,8264.4,610.13,0.003541
2018-03-16,8289.2,600.79,0.003523
2018-03-17,7874.9,550.27,0.003334
2018-03-18,8201.2,536.72,0.003124
2018-03-19,8616.8,556.16,0.003486
2018-03-20,8912.6,557.08,0.003657
2018-03-21,8905.9,560.24,0.003641
2018-03-22,8726.2,539.87,0.003597
2018-03-23,8916.8,543.42,0.003566
2018-03-24,8547.4,520.45,0.003517
2018-03-25,8473.2,523.5,0.00347
2018-03-26,8143.5,485.98,0.003283
2018-03-27,7801.7,448.48,0.003154
2018-03-28,7954.9,446.84,0.003162
2018-03-29,7129.2,384.12,0.002872
2018-03-30,6853.7,393.79,0.002765
2018-03-31,6938.2,393.96,0.0028
2018-04-01,6825.2,378.75,0.002707
2018-04-02,7068.4,385.07,0.002801
2018-04-03,7424.2,415.55,0.003011
2018-04-04,6808.9,378.68,0.002769
2018-04-05,6782,381.52,0.002803
2018-04-06,6624.3,369.97,0.002718
2018-04-07,6905.7,384.87,0.002817
2018-04-08,7030.5,400.71,0.002859
2018-04-09,6781.9,399.05,0.002796
2018-04-10,6854.8,415.45,0.003086
2018-04-11,6962.1,430.14,0.003398
2018-04-12,7926.6,494.03,0.00388
2018-04-13,7887.4,493.48,0.003962
2018-04-14,8004.4,502.52,0.004153
2018-04-15,8363.6,533.9,0.004634
2018-04-16,8070,511.82,0.004561
2018-04-17,7908.6,503.19,0.004705
2018-04-18,8178.4,525.66,0.005442
2018-04-19,8290.8,567.49,0.005969
2018-04-20,8867,617.04,0.005906
2018-04-21,8923.1,605.59,0.005381
2018-04-22,8806.7,622.23,0.005524
2018-04-23,8952.8,644.13,0.005604
2018-04-24,9645.3,703.02,0.005767
2018-04-25,8873.1,617.36,0.00507
2018-04-26,9287,662.36,0.005524
2018-04-27,8940.9,643.97,0.005379
2018-04-28,9352.4,683.49,0.005507
2018-04-29,9415.1,689.9,0.005451
2018-04-30,9245.1,670.07,0.005232
2018-05-01,9074.9,671.26,0.005116
2018-05-02,9243.2,688.15,0.005331
2018-05-03,9749.7,778.95,0.005489
2018-05-04,9708.6,785.2,0.005248
2018-05-05,9853.5,818.33,0.005232
2018-05-06,9656.4,793.19,0.004939
2018-05-07,9431.6,754.03,0.004974
2018-05-08,9196.4,748.48,0.005255
2018-05-09,9319.1,751.62,0.005023
2018-05-10,9025.7,724.4,0.004791
2018-05-11,8408.3,676.21,0.004247
2018-05-12,8459.5,683.94,0.004274
2018-05-13,8693.5,729.37,0.004472
2018-05-14,8674.1,727.06,0.004448
2018-05-15,8477,705.73,0.004532
2018-05-16,8344.4,706.53,0.004378
2018-05-17,8063,668.97,0.004189
2018-05-18,8245.7,693.28,0.004242
2018-05-19,8245.1,696.76,0.004233
2018-05-20,8529,716.02,0.004359
2018-05-21,8403.3,696.85,0.004217
2018-05-22,8006,642.17,0.003874
2018-05-23,7512.3,577.55,0.003437
2018-05-24,7592.9,602.43,0.003568
2018-05-25,7477.7,585.39,0.0035
2018-05-26,7361.3,586.76,0.00347
2018-05-27,7366.7,570.69,0.00341
2018-05-28,7119.3,512.29,0.003219
2018-05-29,7467.7,566.81,0.003461
2018-05-30,7400.1,557.98,0.003396
2018-05-31,7502.6,577.87,0.003432
2018-06-01,7530.8,579.3,0.003441
2018-06-02,7646.6,591.3,0.003583
2018-06-03,7729.3,619.08,0.003689
2018-06-04,7504.3,591.44,0.003542
2018-06-05,7631.5,608.83,0.003628
2018-06-06,7661,606.39,0.003727
2018-06-07,7697.8,604.71,0.003714
2018-06-08,7622.1,599.67,0.003664
2018-06-09,7515.8,593.8,0.003572
2018-06-10,6775.1,524.64,0.003136
2018-06-11,6885.9,531.42,0.003235
2018-06-12,6558.2,494.48,0.003091
2018-06-13,6312.3,476.17,0.002792
2018-06-14,6647.1,519.49,0.002968
2018-06-15,6410.3,487.88,0.00287
2018-06-16,6505.8,496.93,0.002907
2018-06-17,6460.3,496.43,0.002887
2018-06-18,6719.8,517.91,0.002993
2018-06-19,6752.4,538.22,0.003017
2018-06-20,6765.4,536.31,0.002993
2018-06-21,6728,526.01,0.002982
2018-06-22,6055.7,462.57,0.002606
2018-06-23,6167.3,474.14,0.002654
2018-06-24,6154.6,454.81,0.002508
2018-06-25,6256.6,458.76,0.002539
2018-06-26,6082.1,430.33,0.00245
2018-06-27,6154.9,442.16,0.002468
2018-06-28,5883.5,421.27,0.002321
2018-06-29,6213.3,435.37,0.002414
2018-06-30,6398.9,452.67,0.002543
2018-07-01,6366.8,452.57,0.002536
2018-07-02,6619.5,475.7,0.002735
2018-07-03,6513.5,461.89,0.002655
2018-07-04,6598.4,467.52,0.002688
2018-07-05,6546.5,468.47,0.002614
2018-07-06,6617.7,469.9,0.002636
2018-07-07,6765.5,485.4,0.002655
2018-07-08,6714.8,486.45,0.002649
2018-07-09,6667.1,471.52,0.002635
2018-07-10,6307.2,432.67,0.002458
2018-07-11,6389.1,445.99,0.002462
2018-07-12,6250.6,430.84,0.002286
2018-07-13,6230.2,432.85,0.002328
2018-07-14,6254.8,434.09,0.002344
2018-07-15,6362.9,450.81,0.002423
2018-07-16,6729.9,479.79,0.002904
2018-07-17,7322,499.87,0.003254
2018-07-18,7383.6,480,0.003694
2018-07-19,7477.5,469.47,0.003833
2018-07-20,7339.4,449.38,0.003409
2018-07-21,7408.7,461.52,0.003555
2018-07-22,7412.3,459.02,0.003487
2018-07-23,7723,450.56,0.003416
2018-07-24,8407,479.88,0.003626
2018-07-25,8173.7,472.03,0.003564
2018-07-26,7937,462.75,0.003374
2018-07-27,8187.4,470.23,0.003444
2018-07-28,8234.1,468.78,0.003421
2018-07-29,8215.6,466.41,0.003305
2018-07-30,8177.1,456.64,0.003259
2018-07-31,7729.4,431.5,0.002979
2018-08-01,7606.4,420.3,0.003056
2018-08-02,7535.6,411,0.00297
2018-08-03,7419,417.58,0.002928
2018-08-04,7014.3,407.09,0.002829
2018-08-05,7027.1,408.85,0.002876
2018-08-06,6943.6,405.4,0.002783
2018-08-07,6724.9,378.25,0.002651
2018-08-08,6283.6,355.44,0.002421
2018-08-09,6538.8,363.34,0.002579
2018-08-10,6152.3,331.81,0.002417
2018-08-11,6231.6,317.59,0.002381
2018-08-12,6313,318.18,0.002407
2018-08-13,6255.3,284.01,0.002331
2018-08-14,6190.2,278.19,0.002232
2018-08-15,6256.9,281.12,0.002281
2018-08-16,6306.7,286.76,0.002268
2018-08-17,6581.7,316.9,0.002498
2018-08-18,6379.1,293.89,0.002397
2018-08-19,6481.5,299.33,0.002457
2018-08-20,6268.1,271.08,0.002344
2018-08-21,6482.2,280.9,0.002408
2018-08-22,6359.6,269.84,0.002332
2018-08-23,6521.2,276.12,0.002376
2018-08-24,6680.4,281.29,0.00243
2018-08-25,6734.8,277.61,0.00242
2018-08-26,6712.7,274.46,0.002427
2018-08-27,6897.6,286.57,0.002477
2018-08-28,7074.6,295.62,0.002643
2018-08-29,7029.1,288.42,0.00263
2018-08-30,6993.7,283.97,0.003323
2018-08-31,7033.8,281.94,0.004823
2018-09-01,7189.6,295.31,0.006458
2018-09-02,7293.9,295.05,0.005067
2018-09-03,7264.2,288.92,0.005324
2018-09-04,7377.5,285.17,0.005284
2018-09-05,6706.8,228.77,0.004953
2018-09-06,6514,229.6,0.005038
2018-09-07,6390.9,215.6,0.005306
2018-09-08,6184.3,196.79,0.005717
2018-09-09,6238.5,195.8,0.005859
2018-09-10,6321,197.04,0.006945
2018-09-11,6293.9,185.07,0.006348
2018-09-12,6338,182.98,0.0065
2018-09-13,6482.9,211,0.006582
2018-09-14,6483.7,209.98,0.006207
2018-09-15,6519,221.94,0.006249
2018-09-16,6500.2,220.2,0.006583
2018-09-17,6251.9,196.24,0.006278
2018-09-18,6342,209.03,0.00597
2018-09-19,6390.4,209.74,0.00563
2018-09-20,6489.2,224.42,0.005714
2018-09-21,6766.7,247.92,0.005713
2018-09-22,6729.6,240.82,0.005806
2018-09-23,6704.1,244.67,0.005969
2018-09-24,6584.1,228.01,0.005718
2018-09-25,6445.1,219.04,0.005747
2018-09-26,6468.1,214.35,0.005776
2018-09-27,6689.2,229.15,0.00589
2018-09-28,6636,221.77,0.005894
2018-09-29,6603.9,231.87,0.005887
2018-09-30,6635.2,232.8,0.005933
2018-10-01,6608.2,231.77,0.005949
2018-10-02,6549.9,225.84,0.005825
2018-10-03,6507.8,220.51,0.005736
2018-10-04,6584.2,222.57,0.005674
2018-10-05,6639.1,228.34,0.005672
2018-10-06,6596.3,225.18,0.005587
2018-10-07,6611,226.11,0.005629
2018-10-08,6669.6,229.84,0.005643
2018-10-09,6650.8,228.25,0.005666
2018-10-10,6618,226.3,0.005627
2018-10-11,6239.1,190.89,0.005026
2018-10-12,6291.3,196.7,0.005307
2018-10-13,6321.7,201.22,0.005265
2018-10-14,6326.8,197.08,0.00527
2018-10-15,6699.8,214.26,0.005376
2018-10-16,6705.3,215.06,0.005146
2018-10-17,6686.6,213.46,0.004729
2018-10-18,6574.1,206.58,0.00448
2018-10-19,6512,204.97,0.004597
2018-10-20,6572.2,208.04,0.004642
2018-10-21,6583,207.37,0.004567
2018-10-22,6555.8,206.77,0.004446
2018-10-23,6528.7,205.68,0.004199
2018-10-24,6530.7,205.12,0.00396
2018-10-25,6507,204.11,0.003745
2018-10-26,6510,204.58,0.004111
2018-10-27,6494.2,204.36,0.004218
2018-10-28,6486.1,204.99,0.00405
2018-10-29,6335,197.05,0.003856
2018-10-30,6325.7,197.39,0.003897
2018-10-31,6365.9,198.59,0.003804
2018-11-01,6400.5,198.17,0.003784
2018-11-02,6424.7,202.66,0.003792
2018-11-03,6386.2,200.23,0.003758
2018-11-04,6478.2,211.86,0.003727
2018-11-05,6459.7,210.67,0.00365
2018-11-06,6502.8,220.22,0.003701
2018-11-07,6565.3,218.8,0.003632
2018-11-08,6474,212.87,0.003362
2018-11-09,6412,211.39,0.003128
2018-11-10,6427.1,213.21,0.003292
2018-11-11,6446.1,213.18,0.00317
2018-11-12,6435,212.79,0.003084
2018-11-13,6429.2,210.44,0.002967
2018-11-14,5842.4,187.46,0.00277
2018-11-15,5718.9,184.1,0.002851
2018-11-16,5636.2,177.01,0.002761
2018-11-17,5621.8,176.53,0.002602
2018-11-18,5658.3,178.65,0.002638
2018-11-19,4883.8,150.12,0.002435
2018-11-20,4524.6,132.92,0.002329
2018-11-21,4638.7,137.72,0.002476
2018-11-22,4356,126.12,0.002383
2018-11-23,4398,124.64,0.002386
2018-11-24,3920.4,114.43,0.002256
2018-11-25,4062.2,118.04,0.002261
2018-11-26,3837,110.08,0.002127
2018-11-27,3866.5,111.18,0.002078
2018-11-28,4265.4,122.74,0.002235
2018-11-29,4296.5,117.85,0.002226
2018-11-30,4039.7,113.77,0.002185
2018-12-01,4196.2,118.23,0.00223
2018-12-02,4160.4,116.41,0.002211
2018-12-03,3897.8,108.66,0.002157
2018-12-04,3958.5,110.09,0.002202
2018-12-05,3771.6,102.33,0.002197
2018-12-06,3508.6,90.86,0.002111
2018-12-07,3422.2,93.27,0.002123
2018-12-08,3430.4,90.57,0.002105
2018-12-09,3567.5,93.62,0.002092
2018-12-10,3460.5,90.17,0.002063
2018-12-11,3407.7,88.32,0.002087
2018-12-12,3466.1,89.62,0.002081
2018-12-13,3315.3,86.31,0.002056
2018-12-14,3247.8,83.81,0.002074
2018-12-15,3228.7,83.9,0.002064
2018-12-16,3247.9,84.72,0.002109
2018-12-17,3526.1,94.37,0.002531
2018-12-18,3668,100.66,0.002518
2018-12-19,3687.1,99.37,0.002629
2018-12-20,4076,114.61,0.002653
2018-12-21,3850.9,108.18,0.002466
2018-12-22,3964.4,115.84,0.002446
2018-12-23,3944.4,129.6,0.00249
2018-12-24,4026.1,139.23,0.002507
2018-12-25,3762.5,128.39,0.002379
2018-12-26,3793.7,130.06,0.002393
2018-12-27,3586.9,114.56,0.002299
2018-12-28,3861.6,136.61,0.002377
2018-12-29,3706.8,133.67,0.002313
2018-12-30,3815,138.45,0.002333
2018-12-31,3709.4,131.9,0.002327
2019-01-01,3809.4,139.61,0.002347
2019-01-02,3873.8,152.95,0.00235
2019-01-03,3780.1,146.94,0.002293
2019-01-04,3802.7,152.86,0.002243
2019-01-05,3785.4,153.49,0.002249
2019-01-06,4004.1,154.96,0.002257
2019-01-07,3985.9,149.96,0.00223
2019-01-08,3971,148.41,0.002223
2019-01-09,3978,148.79,0.002215
2019-01-10,3603.7,125.63,0.002079
2019-01-11,3616.5,125.15,0.002067
2019-01-12,3597.2,123.75,0.002084
2019-01-13,3490.2,114.64,0.002053
2019-01-14,3638.1,127.53,0.00208
2019-01-15,3571.3,119.62,0.002042
2019-01-16,3588,121.72,0.002066
2019-01-17,3626.4,122.03,0.002062
2019-01-18,3605.6,119.34,0.002042
2019-01-19,3677.8,123.02,0.002094
2019-01-20,3542.3,117.52,0.002028
2019-01-21,3536.7,116.05,0.002032
2019-01-22,3580.1,118.23,0.002021
2019-01-23,3561.5,116.84,0.001996
2019-01-24,3574.3,116.71,0.002006
2019-01-25,3572,115.5,0.002005
2019-01-26,3570.9,115.83,0.00201
2019-01-27,3555.6,112.5,0.001994
2019-01-28,3442.8,105.82,0.001891
2019-01-29,3414.8,104.79,0.001878
2019-01-30,3460,108.52,0.001922
2019-01-31,3437.2,106.71,0.001893
2019-02-01,3467.9,106.98,0.001909
2019-02-02,3502.5,110.68,0.001927
2019-02-03,3459.1,107.62,0.00188
2019-02-04,3462.8,107.9,0.001873
2019-02-05,3468.4,107.37,0.001855
2019-02-06,3404.3,104.63,0.001805
2019-02-07,3397.7,104.55,0.001818
2019-02-08,3661.7,119.23,0.001937
2019-02-09,3661.4,119.44,0.001908
2019-02-10,3679,124.92,0.001899
2019-02-11,3631.8,121.3,0.001861
2019-02-12,3632,122.64,0.001878
2019-02-13,3611.5,122.22,0.001888
2019-02-14,3592.6,120.97,0.00189
2019-02-15,3604.7,121.73,0.00189
2019-02-16,3616.8,122.87,0.001932
2019-02-17,3664.2,133.79,0.002026
2019-02-18,3896,145.8,0.002059
2019-02-19,3914.3,144.01,0.002064
2019-02-20,3972.4,149.11,0.002052
2019-02-21,3936.6,145.78,0.002021
2019-02-22,3965.2,147.97,0.002044
2019-02-23,4120.4,158.3,0.00207
2019-02-24,3755.2,132.93,0.001916
2019-02-25,3833.7,138.27,0.001988
2019-02-26,3810.3,136.67,0.001957
2019-02-27,3814.6,135.2,0.001951
2019-02-28,3816.6,135.47,0.001927
2019-03-01,3821.9,135.72,0.001964
2019-03-02,3823.1,132.76,0.001979
2019-03-03,3809.5,131.01,0.001959
2019-03-04,3715.9,125.97,0.001908
2019-03-05,3857.2,136.82,0.001947
2019-03-06,3863,137.62,0.001939
2019-03-07,3875.1,136.93,0.001951
2019-03-08,3865.9,133.85,0.001949
2019-03-09,3944.3,137.52,0.001978
2019-03-10,3915.2,135.72,0.001959
2019-03-11,3870.3,132.99,0.001929
2019-03-12,3886,133.8,0.001995
2019-03-13,3865.1,131.97,0.002007
2019-03-14,3879,132.45,0.002023
2019-03-15,3924.3,136.75,0.002035
2019-03-16,4006.4,141.15,0.002053
2019-03-17,3981.5,138.91,0.002051
2019-03-18,3990.2,137.92,0.002061
2019-03-19,4017,138.72,0.002051
2019-03-20,4041.2,139.31,0.002043
2019-03-21,3982.2,135.11,0.002017
2019-03-22,3990.4,136.42,0.002025
2019-03-23,4002.5,137.53,0.002023
2019-03-24,3994.7,136.44,0.002017
2019-03-25,3937,134.25,0.002023
2019-03-26,3942.8,134.37,0.002025
2019-03-27,4041.7,139.65,0.002068
2019-03-28,4025.6,138.15,0.002058
2019-03-29,4102.2,143.38,0.00209
2019-03-30,4111.8,142.65,0.002084
2019-03-31,4102.3,141.79,0.002076
2019-04-01,4145.1,141.5,0.002453
2019-04-02,4859.3,163.47,0.002796
2019-04-03,4968.7,160.34,0.003143
2019-04-04,4902.4,157.43,0.003652
2019-04-05,5010.2,164.93,0.003551
2019-04-06,5046.2,165.55,0.003367
2019-04-07,5173.6,174.33,0.00341
2019-04-08,5245.2,179.16,0.002988
2019-04-09,5158.4,175.09,0.002859
2019-04-10,5307.8,177.37,0.002965
2019-04-11,5022.6,164.36,0.002768
2019-04-12,5054.2,163.47,0.002839
2019-04-13,5051.8,163.19,0.002868
2019-04-14,5134.8,167.29,0.002881
2019-04-15,5032.3,160.17,0.002776
2019-04-16,5180.9,165.65,0.002814
2019-04-17,5208.3,165.9,0.002811
2019-04-18,5264.7,173.33,0.002952
2019-04-19,5241,172.79,0.002888
2019-04-20,5290.2,172.73,0.002929
2019-04-21,5243.5,168.52,0.002787
2019-04-22,5346.7,170.87,0.002772
2019-04-23,5511.6,169.95,0.002747
2019-04-24,5415.6,165.22,0.002598
2019-04-25,5209.1,155.18,0.002444
2019-04-26,5298.3,157.97,0.002515
2019-04-27,5265.9,159.41,0.002512
2019-04-28,5302.3,158.27,0.002547
2019-04-29,5235,154.93,0.002461
2019-04-30,5320.8,161.8,0.00251
2019-05-01,5384.2,160.38,0.002539
2019-05-02,5493.8,161.66,0.002599
2019-05-03,5766.8,167.86,0.002705
2019-05-04,5830.9,163.68,0.002692
2019-05-05,5774.9,163.03,0.002643
2019-05-06,5745.1,173,0.002596
2019-05-07,5849.5,169.34,0.002556
2019-05-08,5990.3,170.77,0.002554
2019-05-09,6191.5,170.84,0.002497
2019-05-10,6386,172.77,0.002496
2019-05-11,7190.3,192.27,0.002776
2019-05-12,6984.8,188.07,0.002628
2019-05-13,7806,196.02,0.002728
2019-05-14,7994.6,217.42,0.003074
2019-05-15,8164.6,248.15,0.003334
2019-05-16,7871.8,264.69,0.003135
2019-05-17,7359.5,244.45,0.002915
2019-05-18,7262.6,233.89,0.002958
2019-05-19,8157.2,259.63,0.00313
2019-05-20,7965.3,250.72,0.002976
2019-05-21,7930.3,253.76,0.003032
2019-05-22,7635.7,244.34,0.002932
2019-05-23,7852.1,244.68,0.002952
2019-05-24,7970.1,249.17,0.002989
2019-05-25,8027.4,250.68,0.002975
2019-05-26,8630.2,264.68,0.003046
2019-05-27,8760.1,270.98,0.003124
2019-05-28,8716.3,271.18,0.003146
2019-05-29,8647.8,268.61,0.003171
2019-05-30,8271.9,254.52,0.003206
2019-05-31,8558.3,267.99,0.003396
2019-06-01,8545.7,264.31,0.00335
2019-06-02,8728.6,269.01,0.00337
2019-06-03,8124.8,250.37,0.003165
2019-06-04,7685.5,241.26,0.002966
2019-06-05,7779.1,245.83,0.003029
2019-06-06,7784.9,248.54,0.003083
2019-06-07,7985.2,248.98,0.003148
2019-06-08,7901.4,243.42,0.003101
2019-06-09,7635,231.27,0.002988
2019-06-10,7987.8,246.86,0.003074
2019-06-11,7888,244.41,0.003057
2019-06-12,8133.1,261.54,0.003073
2019-06-13,8219,254.86,0.003079
2019-06-14,8656.1,262.53,0.003105
2019-06-15,8812.5,267.75,0.003132
2019-06-16,8962.5,267.98,0.00318
2019-06-17,9318.8,273,0.00319
2019-06-18,9080.6,264.59,0.003105
2019-06-19,9255.4,268.26,0.00314
2019-06-20,9517,271.43,0.003106
2019-06-21,10179.3,294.72,0.003259
2019-06-22,10721.7,310.38,0.00331
2019-06-23,10897.1,308.53,0.00331
2019-06-24,11046.4,311.46,0.003344
2019-06-25,11809.9,317.65,0.003349
2019-06-26,13063.8,338.54,0.0034
2019-06-27,11287.8,297.55,0.003383
2019-06-28,12409.1,310.56,0.003415
2019-06-29,11906.5,318.48,0.003371
2019-06-30,10818.6,292.21,0.003279
2019-07-01,10616.6,294.83,0.00327
2019-07-02,10835.9,291.41,0.003162
2019-07-03,11900.8,300.58,0.003343
2019-07-04,11163.1,283.43,0.00318
2019-07-05,10970.2,287.15,0.003857
2019-07-06,11268,288.08,0.003521
2019-07-07,11415.9,304.88,0.00358
2019-07-08,12252.6,312.23,0.003466
2019-07-09,12541.5,307.41,0.003493
2019-07-10,12110.6,289.1,0.003398
2019-07-11,11342.3,268.72,0.003244
2019-07-12,11762.1,274.68,0.003356
2019-07-13,11364.9,269.16,0.003286
2019-07-14,10200.1,226.62,0.002963
2019-07-15,10845.9,228.49,0.003091
2019-07-16,9424.8,198.87,0.002791
2019-07-17,9723.2,210.95,0.002898
2019-07-18,10651.4,225.23,0.003114
2019-07-19,10571.5,220.09,0.003039
2019-07-20,10826.7,227.86,0.003108
2019-07-21,10714.4,225.01,0.003078
2019-07-22,10412.5,217.27,0.003013
2019-07-23,9888.7,211.87,0.002882
2019-07-24,9804.3,215.44,0.002902
2019-07-25,9945.3,217.65,0.002949
2019-07-26,9831,217.83,0.00295
2019-07-27,9492.1,206.62,0.002863
2019-07-28,9727.8,210.37,0.002869
2019-07-29,9580.9,209.82,0.002838
2019-07-30,9580.7,208.49,0.00277
2019-07-31,10082,217.23,0.002897
2019-08-01,10380,216.37,0.002929
2019-08-02,10520.1,216.54,0.002914
2019-08-03,10815.7,220.89,0.002922
2019-08-04,10934.6,220.72,0.002938
2019-08-05,11816.8,232.45,0.003047
2019-08-06,11480.9,225.63,0.002952
2019-08-07,12013.9,224.66,0.002961
2019-08-08,12191.6,220.16,0.002933
2019-08-09,12089.8,209.49,0.0029
2019-08-10,11314.5,205.93,0.002805
2019-08-11,11517.2,215.83,0.002909
2019-08-12,11394.2,210.45,0.002883
2019-08-13,10892.9,207.68,0.002856
2019-08-14,10049.4,186.56,0.002789
2019-08-15,10303.4,187.8,0.002667
2019-08-16,10335.6,184.55,0.002726
2019-08-17,10218.1,184.81,0.002687
2019-08-18,10312.7,193.68,0.002748
2019-08-19,10910.7,201.64,0.002814
2019-08-20,10752.6,196.14,0.002773
2019-08-21,10141.5,187.24,0.002689
2019-08-22,10105,190.29,0.002758
2019-08-23,10388.7,193.43,0.002748
2019-08-24,10131,190.15,0.002705
2019-08-25,10136.3,186.3,0.002719
2019-08-26,10371.8,188.34,0.002714
2019-08-27,10184.8,186.58,0.002676
2019-08-28,9729.4,172.85,0.002579
2019-08-29,9491,168.66,0.002495
2019-08-30,9585.4,168.16,0.002538
2019-08-31,9594.4,171.62,0.002679
2019-09-01,9729.3,169.72,0.002572
2019-09-02,10348.8,178.11,0.002637
2019-09-03,10612.3,178.81,0.002623
2019-09-04,10568.2,174.79,0.00289
2019-09-05,10566.9,173.83,0.002512
2019-09-06,10309.3,169.15,0.002572
2019-09-07,10461.1,177.74,0.002536
2019-09-08,10402.8,181.44,0.00258
2019-09-09,10309,180.65,0.002481
2019-09-10,10105.4,180.05,0.002478
2019-09-11,10162.5,178.47,0.00246
2019-09-12,10415.1,180.87,0.002462
2019-09-13,10342.1,181.11,0.002471
2019-09-14,10337.3,188.16,0.002476
2019-09-15,10311.5,189.1,0.002517
2019-09-16,10255.5,197.32,0.002502
2019-09-17,10195.7,207.77,0.002617
2019-09-18,10164.7,210.43,0.002746
2019-09-19,10250.5,220.21,0.002739
2019-09-20,10172.7,218,0.002725
2019-09-21,9993,215.22,0.002681
2019-09-22,10031.6,211.13,0.002649
2019-09-23,9702.2,201.18,0.002583
2019-09-24,8513.9,166.29,0.002255
2019-09-25,8432.4,168.92,0.002263
2019-09-26,8063.8,164.56,0.002215
2019-09-27,8184.9,173.19,0.002332
2019-09-28,8208.5,173.62,0.002312
2019-09-29,8049.1,169.29,0.002299
2019-09-30,8284.3,180.35,0.002418
2019-10-01,8302.7,175.78,0.002444
2019-10-02,8364.1,180.27,0.002415
2019-10-03,8226.9,174.54,0.002387
2019-10-04,8148.1,175.65,0.002563
2019-10-05,8127.3,176.43,0.002399
2019-10-06,7881.9,170.55,0.002512
2019-10-07,8198.6,179.87,0.002527
2019-10-08,8182.9,180.78,0.002431
2019-10-09,8566.7,192.64,0.002445
2019-10-10,8562.3,191.1,0.002385
2019-10-11,8267.8,180.6,0.002369
2019-10-12,8304.4,179.87,0.002383
2019-10-13,8281.5,181.11,0.002465
2019-10-14,8353.3,186.63,0.002564
2019-10-15,8167.2,180.59,0.002548
2019-10-16,8000.4,174.53,0.002583
2019-10-17,8073.3,177.31,0.002755
2019-10-18,7948.5,172.81,0.002753
2019-10-19,7957.3,171.91,0.002788
2019-10-20,8223.4,175.14,0.0028
2019-10-21,8208.2,174.18,0.002704
2019-10-22,8031.4,171.42,0.002578
2019-10-23,7477,162.28,0.002548
2019-10-24,7422.7,160.73,0.002593
2019-10-25,8658.3,181.49,0.002696
2019-10-26,9230.6,179.62,0.002672
2019-10-27,9529.6,184.05,0.002675
2019-10-28,9207.2,181.67,0.002687
2019-10-29,9411.3,190.45,0.002666
2019-10-30,9157.9,183.25,0.002627
2019-10-31,9152.6,182.37,0.002633
2019-11-01,9230.1,183.12,0.002648
2019-11-02,9300.6,183.01,0.002698
2019-11-03,9198.3,181.7,0.002855
2019-11-04,9396.4,185.85,0.002651
2019-11-05,9310.8,188.67,0.002628
2019-11-06,9338.9,191.28,0.002736
2019-11-07,9223.5,186.94,0.002762
2019-11-08,8778.2,184.03,0.002801
2019-11-09,8804.5,184.96,0.002744
2019-11-10,9036.8,188.99,0.002826
2019-11-11,8736.9,185.09,0.002777
2019-11-12,8812.6,186.99,0.002782
2019-11-13,8783.1,188.36,0.002778
2019-11-14,8661.2,185.25,0.002743
2019-11-15,8476.3,180.19,0.002711
2019-11-16,8497.3,182.42,0.002683
2019-11-17,8509.8,184.18,0.002745
2019-11-18,8208.4,178.5,0.002636
2019-11-19,8145.7,176.09,0.002608
2019-11-20,8099.3,174.96,0.002653
2019-11-21,7627.9,161.46,0.002504
2019-11-22,7272.5,149.8,0.002421
2019-11-23,7324.1,152.46,0.002957
2019-11-24,6924.7,140.66,0.002785
2019-11-25,7115.6,145.9,0.002465
2019-11-26,7162.8,147.61,0.002327
2019-11-27,7510.6,152.7,0.00239
2019-11-28,7426.7,151.07,0.002428
2019-11-29,7742.7,154.55,0.002887
2019-11-30,7546.6,151.95,0.002394
2019-12-01,7396.4,151.04,0.002365
2019-12-02,7298.2,148.89,0.00232
2019-12-03,7291.8,147.82,0.002293
2019-12-04,7204.4,145.79,0.002291
2019-12-05,7399.2,148.69,0.002328
2019-12-06,7530.8,148.89,0.002335
2019-12-07,7510.9,148.28,0.002288
2019-12-08,7524.4,151.17,0.002287
2019-12-09,7355.8,147.88,0.002281
2019-12-10,7235.7,145.86,0.002306
2019-12-11,7208,143.51,0.002304
2019-12-12,7208,145.03,0.002304
2019-12-13,7255.2,144.96,0.002302
2019-12-14,7080.8,142.03,0.002294
2019-12-15,7128.5,142.53,0.002275
2019-12-16,6903.5,132.78,0.002249
2019-12-17,6613.3,122.06,0.002207
2019-12-18,7276,132.92,0.002247
2019-12-19,7165.5,128.42,0.002206
2019-12-20,7196.4,128.7,0.002094
2019-12-21,7156.2,127.61,0.002118
2019-12-22,7495.8,132.19,0.002132
2019-12-23,7322.8,128.08,0.002126
2019-12-24,7268.3,128.05,0.002247
2019-12-25,7224.8,125.24,0.002199
2019-12-26,7210.9,125.93,0.002202
2019-12-27,7261.7,126.41,0.002104
2019-12-28,7321.5,128.35,0.002122
2019-12-29,7397.5,134.4,0.002153
2019-12-30,7261.8,131.83,0.002038
2019-12-31,7196.4,129.21,0.002015
2020-01-01,7199.8,130.75,0.00204
2020-01-02,6967,127.19,0.001999
2020-01-03,7343.1,134.27,0.002042
2020-01-04,7376.8,134.33,0.002307
2020-01-05,7372.5,135.59,0.00208
2020-01-06,7759.1,144.08,0.002153
2020-01-07,8155.7,143.04,0.002182
2020-01-08,8059.6,140.81,0.002138
2020-01-09,7842.4,137.92,0.002138
2020-01-10,8187.1,144.81,0.002208
2020-01-11,8024.1,142.67,0.002179
2020-01-12,8187.6,146.46,0.002205
2020-01-13,8111.4,143.6,0.002161
2020-01-14,8829.2,166.07,0.002356
2020-01-15,8818.3,166.45,0.148228
2020-01-16,8726.9,164.36,0.002323
2020-01-17,8913.1,170.22,0.002479
2020-01-18,8916.3,174.19,0.002503
2020-01-19,8706.2,166.92,0.002423
2020-01-20,8641.9,166.87,0.002467
2020-01-21,8732.6,169.41,0.002389
2020-01-22,8678.5,168.13,0.002376
2020-01-23,8405.1,162.8,0.002287
2020-01-24,8439.9,162.55,0.002282
2020-01-25,8341.6,160.44,0.002248
2020-01-26,8607.8,167.9,0.002296
2020-01-27,8866.6,170.27,0.002355
2020-01-28,9377.3,175.74,0.002415
2020-01-29,9298.9,173.86,0.002417
2020-01-30,9507.3,184.59,0.002431
2020-01-31,9349.1,179.91,0.002381
2020-02-01,9381.6,183.64,0.002432
2020-02-02,9334.9,188.5,0.002439
2020-02-03,9296.6,189.79,0.002416
2020-02-04,9193.9,188.93,0.002512
2020-02-05,9611.8,203.83,0.002598
2020-02-06,9772,213.16,0.00266
2020-02-07,9818.6,223.51,0.002786
2020-02-08,9895.5,223.23,0.003171
2020-02-09,10151.5,228.59,0.003228
2020-02-10,9854.1,222.95,0.002983
2020-02-11,10229.5,236.76,0.00307
2020-02-12,10317.7,265.58,0.003053
2020-02-13,10235.1,268.75,0.003002
2020-02-14,10333,285.25,0.003101
2020-02-15,9907.7,264.87,0.002903
2020-02-16,9932.3,259.99,0.002756
2020-02-17,9701.4,267.63,0.002694
2020-02-18,10158.4,282.26,0.002839
2020-02-19,9609.4,259.12,0.00261
2020-02-20,9602.4,257.39,0.002651
2020-02-21,9684.5,265.11,0.002645
2020-02-22,9655.7,261.64,0.002598
2020-02-23,9942.7,274.72,0.002678
2020-02-24,9662.7,265.65,0.002582
2020-02-25,9317.2,246.96,0.002476
2020-02-26,8800.3,224.3,0.002344
2020-02-27,8818.6,227.53,0.002327
2020-02-28,8697.5,226.93,0.00229
2020-02-29,8543.7,217.52,0.002216
2020-03-01,8540,217.99,0.002276
2020-03-02,8904.8,231.87,0.00235
2020-03-03,8761.4,223.94,0.0025
2020-03-04,8757.9,224.38,0.002424
2020-03-05,9060.3,228.45,0.002479
2020-03-06,9134.8,244.9,0.002485
2020-03-07,8887.8,237.32,0.002408
2020-03-08,8034.1,199.16,0.002178
2020-03-09,7933,202.85,0.002222
2020-03-10,7891.2,200.56,0.002205
2020-03-11,7935.1,194.58,0.002176
2020-03-12,4826,107.9,0.001585
2020-03-13,5584.3,133.99,0.001753
2020-03-14,5182.7,122.69,0.001687
2020-03-15,5366.3,124.35,0.001695
2020-03-16,5030,111.02,0.001637
2020-03-17,5261.1,116.06,0.001703
2020-03-18,5361.4,117.77,0.001672
2020-03-19,6172,135.43,0.001763
2020-03-20,6205.3,133.32,0.001773
2020-03-21,6186.2,132.58,0.001781
2020-03-22,5822.1,122.41,0.001726
2020-03-23,6468.9,136.02,0.001816
2020-03-24,6744.6,138.62,0.001844
2020-03-25,6678.9,136.07,0.001831
2020-03-26,6725.1,138.38,0.001825
2020-03-27,6373.4,131.74,0.001781
2020-03-28,6233.7,131.03,0.001774
2020-03-29,5890.4,125.24,0.001721
2020-03-30,6391,132.15,0.001805
2020-03-31,6412.5,132.86,0.0018
2020-04-01,6638.5,135.66,0.001863
2020-04-02,6800.5,141.3,0.001876
2020-04-03,6735.9,141.14,0.001841
2020-04-04,6857.4,144.01,0.001872
2020-04-05,6772.7,142.58,0.00185
2020-04-06,7332.3,171.06,0.001984
2020-04-07,7185.2,164.71,0.002
2020-04-08,7361.2,173,0.002004
2020-04-09,7289,169.68,0.00202
2020-04-10,6863.1,157.86,0.001962
2020-04-11,6867.8,158.18,0.002015
2020-04-12,6917.6,158.73,0.001961
2020-04-13,6841.3,156.38,0.001961
2020-04-14,6850.9,158.45,0.001979
2020-04-15,6629.1,152.9,0.001987
2020-04-16,7085.6,172.31,0.001998
2020-04-17,7035.8,170.63,0.002001
2020-04-18,7230.8,187.45,0.002047
2020-04-19,7122.9,180.13,0.002042
2020-04-20,6833.5,170.4,0.001979
2020-04-21,6842.5,170.79,0.00195
2020-04-22,7112.9,182.72,0.001998
2020-04-23,7488.5,185.46,0.002054
2020-04-24,7503.8,187.58,0.002081
2020-04-25,7540.4,194.01,0.002123
2020-04-26,7678.9,197.35,0.002402
2020-04-27,7766,196.14,0.002343
2020-04-28,7746.9,196.55,0.002334
2020-04-29,8770.9,215.4,0.002505
2020-04-30,8629,206.22,0.00246
2020-05-01,8821.6,212,0.002473
2020-05-02,8966.3,213.96,0.002541
2020-05-03,8885.5,209.83,0.002505
2020-05-04,8874.7,206.61,0.002464
2020-05-05,9001,205.36,0.002476
2020-05-06,9151.4,199.04,0.002479
2020-05-07,9979.8,212,0.002661
2020-05-08,9806.2,211.45,0.002615
2020-05-09,9554.6,210.22,0.002604
2020-05-10,8738.8,187.78,0.002453
2020-05-11,8579.8,185.96,0.00241
2020-05-12,8813.8,189.84,0.002461
2020-05-13,9298.7,199.58,0.00252
2020-05-14,9778.4,203.3,0.002575
2020-05-15,9318,194.85,0.002492
2020-05-16,9379.5,200.51,0.002512
2020-05-17,9677.7,207,0.00253
2020-05-18,9730.7,214.87,0.002537
2020-05-19,9773.3,214.51,0.002543
2020-05-20,9512.3,209.99,0.002517
2020-05-21,9059,198.75,0.0025
2020-05-22,9169.7,207.35,0.002538
2020-05-23,9177,206.62,0.002538
2020-05-24,8728.2,199.97,0.002476
2020-05-25,8898.2,204.13,0.002537
2020-05-26,8842.5,201,0.002506
2020-05-27,9199.1,208.18,0.002511
2020-05-28,9572.2,220.18,0.002532
2020-05-29,9424.8,220.66,0.002528
2020-05-30,9692.5,243.63,0.002621
2020-05-31,9454.8,231.81,0.002573
2020-06-01,10189.3,247.97,0.002648
2020-06-02,9527.6,237.94,0.002575
2020-06-03,9667.2,244.52,0.002594
2020-06-04,9794.4,243.37,0.002632
2020-06-05,9631.2,240.23,0.002589
2020-06-06,9669.6,242,0.002587
2020-06-07,9742.6,244.56,0.002607
2020-06-08,9777.9,246.18,0.002585
2020-06-09,9768.8,243.82,0.002562
2020-06-10,9878.8,247.78,0.002585
2020-06-11,9283.2,230.71,0.002455
2020-06-12,9466.6,237.54,0.002523
2020-06-13,9471.3,238.22,0.002532
2020-06-14,9345.3,232.02,0.002482
2020-06-15,9425.4,230.93,0.002477
2020-06-16,9523.5,235.36,0.002485
2020-06-17,9464.6,233.88,0.002481
2020-06-18,9388.1,231.34,0.002454
2020-06-19,9314,229.11,0.002453
2020-06-20,9358.8,228.86,0.002458
2020-06-21,9296.4,228.13,0.002449
2020-06-22,9683.7,243.25,0.002472
2020-06-23,9624.6,243.2,0.002473
2020-06-24,9302,234.75,0.002425
2020-06-25,9247.5,232.56,0.002408
2020-06-26,9160,229.67,0.002358
2020-06-27,9008.3,221.06,0.002324
2020-06-28,9124,225.09,0.002315
2020-06-29,9185.4,227.87,0.002305
2020-06-30,9135.4,225.63,0.002314
2020-07-01,9229.9,230.95,0.002327
2020-07-02,9085.1,226.42,0.002322
2020-07-03,9067.1,225.12,0.002322
2020-07-04,9134.4,229.15,0.002306
2020-07-05,9081,227.98,0.002301
2020-07-06,9339,241.56,0.002618
2020-07-07,9256,239.25,0.003121
2020-07-08,9429.9,246.99,0.004757
2020-07-09,9235.7,242.02,0.004331
2020-07-10,9285.1,241.26,0.003525
2020-07-11,9233.3,239.2,0.003808
2020-07-12,9300.8,242.75,0.003636
2020-07-13,9243.6,239.73,0.00316
2020-07-14,9253.4,240.5,0.003291
2020-07-15,9198.7,238.62,0.003094
2020-07-16,9135.3,233.65,0.002981
2020-07-17,9155.8,232.75,0.003055
2020-07-18,9170.2,235.75,0.003455
2020-07-19,9208,239.01,0.003381
2020-07-20,9162.4,236.1,0.003226
2020-07-21,9387.3,245.53,0.0033
2020-07-22,9513.7,263.28,0.003289
2020-07-23,9599.6,275.34,0.003298
2020-07-24,9546.4,279.33,0.003215
2020-07-25,9704.1,305.32,0.003252
2020-07-26,9932.5,311.13,0.003237
2020-07-27,11022.8,321.8,0.003167
2020-07-28,10908.5,316.96,0.003184
2020-07-29,11105.9,317.82,0.003171
2020-07-30,11096.2,334.87,0.003227
2020-07-31,11333.4,346.51,0.003224
2020-08-01,11803.1,387.14,0.003713
2020-08-02,11066.8,372.08,0.003333
2020-08-03,11224.4,385.8,0.003372
2020-08-04,11184.7,389.62,0.003549
2020-08-05,11735.1,400.79,0.003501
2020-08-06,11757.1,394.83,0.003559
2020-08-07,11592,379.57,0.003531
2020-08-08,11764.3,396.76,0.003514
2020-08-09,11681.2,390.23,0.003468
2020-08-10,11889.2,395.53,0.003495
2020-08-11,11390.4,379.01,0.003391
2020-08-12,11557.2,387.12,0.003462
2020-08-13,11770.9,424.31,0.003483
2020-08-14,11750.8,438.03,0.00357
2020-08-15,11845.3,432.18,0.003535
2020-08-16,11899,433.63,0.003535
2020-08-17,12282.6,430.56,0.003589
2020-08-18,11947.6,422.16,0.003477
2020-08-19,11750.2,407.44,0.003417
2020-08-20,11856.9,416.05,0.003441
2020-08-21,11529.2,387.99,0.003376
2020-08-22,11661.3,395.56,0.003437
2020-08-23,11641.6,390.5,0.003397
2020-08-24,11753.5,407.7,0.003409
2020-08-25,11324.8,383.2,0.00328
2020-08-26,11462.3,385.96,0.003293
2020-08-27,11327.4,383.11,0.003205
2020-08-28,11527.4,395.11,0.003263
2020-08-29,11468.1,398.8,0.003276
2020-08-30,11702,428.86,0.003298
2020-08-31,11644.2,433.9,0.00321
2020-09-01,11914.9,475.8,0.003242
2020-09-02,11413.3,439.08,0.003118
2020-09-03,10168.8,381.97,0.002777
2020-09-04,10472.5,385.94,0.002877
2020-09-05,10092.2,334.91,0.00276
2020-09-06,10296.4,353.49,0.002783
2020-09-07,10376.9,352.06,0.002815
2020-09-08,10126.6,337.46,0.002746
2020-09-09,10224.6,351.1,0.002781
2020-09-10,10339.7,367.92,0.002805
2020-09-11,10390.2,373.72,0.002796
2020-09-12,10441.9,387.98,0.002815
2020-09-13,10326,365.71,0.002783
2020-09-14,10675.3,376.7,0.00279
2020-09-15,10785.3,364.01,0.002829
2020-09-16,10949.5,364.88,0.002793
2020-09-17,10941.3,388.97,0.002807
2020-09-18,10933,384.2,0.002787
2020-09-19,11081.8,385.25,0.002792
2020-09-20,10921.5,371.12,0.002774
2020-09-21,10416.8,341.3,0.002606
2020-09-22,10531.5,344.03,0.002643
2020-09-23,10237.3,319.95,0.002549
2020-09-24,10739.4,349.17,0.00263
2020-09-25,10688.8,351.63,0.002713
2020-09-26,10727.9,354.25,0.002697
2020-09-27,10776.2,357.23,0.002697
2020-09-28,10693.2,354.08,0.002649
2020-09-29,10840.9,359.86,0.002673
2020-09-30,10776.1,359.39,0.002634
2020-10-01,10620.5,353.07,0.002625
2020-10-02,10572.3,345.68,0.00259
2020-10-03,10544.2,345.6,0.002597
2020-10-04,10672.9,352.73,0.002638
2020-10-05,10789.5,353.28,0.002621
2020-10-06,10602.6,340.61,0.002602
2020-10-07,10670.9,341.48,0.002595
2020-10-08,10924.1,350.83,0.002609
2020-10-09,11054.2,365.28,0.002657
2020-10-10,11298.4,370.16,0.002666
2020-10-11,11371,374.19,0.002681
2020-10-12,11533.9,386.68,0.002667
2020-10-13,11423.8,381.23,0.002637
2020-10-14,11420.4,379.15,0.002638
2020-10-15,11503,377.45,0.0026
2020-10-16,11322,365.17,0.002604
2020-10-17,11362.1,368.63,0.002585
2020-10-18,11506.9,377.81,0.002593
2020-10-19,11753.4,379.19,0.002592
2020-10-20,11913.5,368.35,0.002595
2020-10-21,12808.7,391.2,0.002624
2020-10-22,12974.6,414.05,0.002647
2020-10-23,12934.1,408.52,0.002644
2020-10-24,13117.2,411.92,0.002634
2020-10-25,13032.2,406.09,0.002652
2020-10-26,13061.6,394.11,0.002665
2020-10-27,13657.8,403.15,0.002674
2020-10-28,13278.9,388.14,0.002583
2020-10-29,13457.2,386.76,0.002576
2020-10-30,13559.9,382.41,0.002583
2020-10-31,13797.3,386.42,0.002568
2020-11-01,13759.4,396.29,0.002576
2020-11-02,13561.4,383.53,0.002514
2020-11-03,14019.9,387.92,0.002517
2020-11-04,14145.6,402.19,0.002546
2020-11-05,15587.1,416.63,0.002639
2020-11-06,15577.9,455.72,0.002757
2020-11-07,14828.4,435.4,0.00267
2020-11-08,15483.7,454.68,0.002707
2020-11-09,15327.2,444.33,0.002673
2020-11-10,15303.6,450.22,0.00276
2020-11-11,15695.8,463.33,0.002757
2020-11-12,16294.7,462.56,0.002773
2020-11-13,16324.2,476.29,0.002811
2020-11-14,16071,460.7,0.002769
2020-11-15,15953,448.23,0.002773
2020-11-16,16715.8,460.43,0.002879
2020-11-17,17662.3,481.95,0.002935
2020-11-18,17774.6,478.52,0.002904
2020-11-19,17803.5,471.21,0.002905
2020-11-20,18675.2,509.98,0.002986
2020-11-21,18687.2,551.91,0.00351
2020-11-22,18412.9,559.4,0.00334
2020-11-23,18379.6,609.22,0.003684
2020-11-24,19152.6,605.03,0.00424
2020-11-25,18723,569.67,0.003716
2020-11-26,17162,519.32,0.003245
2020-11-27,17127.1,518.11,0.00327
2020-11-28,17730.7,537.74,0.003392
2020-11-29,18185.5,575.45,0.00344
2020-11-30,19698.1,615.92,0.003551
2020-12-01,18770.7,585.66,0.00332
2020-12-02,19218.8,598.05,0.003369
2020-12-03,19433.3,616.32,0.003433
2020-12-04,18658.1,567.91,0.003282
2020-12-05,19146.5,596.68,0.003391
2020-12-06,19379.9,601.68,0.003388
2020-12-07,19170.7,591.09,0.003335
2020-12-08,18326.6,555.05,0.003176
2020-12-09,18546,573.21,0.003158
2020-12-10,18247.2,558.13,0.003109
2020-12-11,18023.6,544.17,0.003075
2020-12-12,18808.9,567.78,0.003164
2020-12-13,19176.8,591.09,0.003259
2020-12-14,19273.8,586.19,0.003224
2020-12-15,19434.9,588.91,0.003204
2020-12-16,21352.2,637.38,0.003423
2020-12-17,22825.4,643.17,0.003723
2020-12-18,23127.9,653.85,0.003863
2020-12-19,23844,658.17,0.003925
2020-12-20,23474.9,638.26,0.004641
2020-12-21,22728.5,607.85,0.004773
2020-12-22,23823.2,637.47,0.004514
2020-12-23,23257.9,585.69,0.003767
2020-12-24,23736.5,612.34,0.004573
2020-12-25,24689.6,626.93,0.004563
2020-12-26,26454.4,636.58,0.004508
2020-12-27,26261.3,683.71,0.004548
2020-12-28,27057.8,730.05,0.004594
2020-12-29,27376,731.76,0.004488
2020-12-30,28868.7,751.8,0.004627
2020-12-31,28949.4,735.94,0.004666
2021-01-01,29359.9,729.12,0.005661
2021-01-02,32193.3,774.5,0.010489
2021-01-03,32958.9,974.97,0.00985
2021-01-04,32022.6,1042.4,0.00978
2021-01-05,33991.5,1099.52,0.009958
2021-01-06,36793.2,1207.77,0.010443
2021-01-07,39460.2,1224.35,0.009724
2021-01-08,40599.3,1215.73,0.009753
2021-01-09,40151.9,1275.58,0.010158
2021-01-10,38192.2,1256.04,0.009831
2021-01-11,35544.3,1091.47,0.008828
2021-01-12,34076.1,1050.19,0.008066
2021-01-13,37382.2,1128.46,0.008669
2021-01-14,39175.7,1226.17,0.0094
2021-01-15,36845.8,1171.68,0.009373
2021-01-16,36019.5,1228.27,0.009235
2021-01-17,35839.6,1232.64,0.009094
2021-01-18,36613.2,1258.06,0.009172
2021-01-19,36002.9,1372,0.009053
2021-01-20,35476.3,1377.53,0.009055
2021-01-21,30842.1,1117.33,0.008172
2021-01-22,33000.5,1234.58,0.008516
2021-01-23,32088.9,1233.4,0.008571
2021-01-24,32241.3,1390.28,0.008714
2021-01-25,32252.3,1317.9,0.008353
2021-01-26,32502.1,1366.27,0.00824
2021-01-27,30404,1247.62,0.007441
2021-01-28,33374.8,1328.47,0.036265
2021-01-29,34301.8,1379.3,0.046597
2021-01-30,34283.1,1376.96,0.028197
2021-01-31,33108.1,1312.73,0.036841
2021-02-01,33515.7,1373.4,0.034705
2021-02-02,35485.2,1511.36,0.031296
2021-02-03,37646.8,1664.34,0.037345
2021-02-04,36982.1,1594,0.052944
2021-02-05,38297.6,1719.2,0.046783
2021-02-06,39256.6,1676.63,0.057465
2021-02-07,38852.9,1612.99,0.078508
2021-02-08,46395.7,1750.18,0.078793
2021-02-09,46508.6,1770.63,0.070012
2021-02-10,44836,1742.09,0.072584
2021-02-11,47990.7,1786.35,0.069611
2021-02-12,47371.7,1841.02,0.069791
2021-02-13,47168.7,1815.49,0.066249
2021-02-14,48643.4,1801.78,0.062639
2021-02-15,47936.3,1778.82,0.056442
2021-02-16,49169.7,1781.69,0.053513
2021-02-17,52079.2,1847.95,0.049467
2021-02-18,51582.2,1934.16,0.059134
2021-02-19,55906.6,1955.59,0.055036
2021-02-20,55923.7,1913.88,0.054135
2021-02-21,57433.8,1933.45,0.055881
2021-02-22,54111.8,1777.28,0.05353
2021-02-23,48911.2,1578.11,0.047673
2021-02-24,49697.5,1623.71,0.056653
2021-02-25,46928.5,1476.15,0.050045
2021-02-26,46345.6,1445.44,0.050463
2021-02-27,46136.7,1458.93,0.050076
2021-02-28,45164,1418.76,0.048129
2021-03-01,49595.5,1570.03,0.050576
2021-03-02,48424.2,1488.62,0.050279
2021-03-03,50395.1,1571.05,0.050474
2021-03-04,48428,1538.61,0.049927
2021-03-05,48792.5,1530.29,0.049584
2021-03-06,48855.6,1649.19,0.050935
2021-03-07,50982.3,1728.1,0.051881
2021-03-08,52311,1831.49,0.062848
2021-03-09,54879,1869.1,0.057978
2021-03-10,55851.9,1794.14,0.0559
2021-03-11,57799.5,1825.79,0.055893
2021-03-12,57265.1,1766.9,0.055261
2021-03-13,61195.3,1921.13,0.062694
2021-03-14,59113.7,1849.06,0.058431
2021-03-15,55791.3,1792.38,0.056965
2021-03-16,56889.7,1804.85,0.058611
2021-03-17,58913.5,1823.35,0.05788
2021-03-18,57656,1776.08,0.057294
2021-03-19,58088,1809.64,0.05827
2021-03-20,58093.4,1804.6,0.058827
2021-03-21,57383.8,1783.72,0.057471
2021-03-22,54158.3,1682.37,0.054929
2021-03-23,54452.5,1667.9,0.053437
2021-03-24,52325.4,1582.38,0.05151
2021-03-25,51322.3,1586.54,0.051263
2021-03-26,55036.1,1698.6,0.053973
2021-03-27,55862.9,1713.01,0.054426
2021-03-28,55765.2,1686.8,0.053637
2021-03-29,57616.2,1816.69,0.054102
2021-03-30,58771.3,1841.01,0.054027
2021-03-31,58763.7,1917.99,0.053744
2021-04-01,58718.3,1967.96,0.062113
2021-04-02,58977.3,2134.55,0.05757
2021-04-03,57059.9,2008.59,0.055554
2021-04-04,58199.9,2075.94,0.057401
2021-04-05,58993.4,2106.41,0.059948
2021-04-06,57996.3,2111.53,0.064283
2021-04-07,55948.7,1961.46,0.058728
2021-04-08,58077.4,2079.92,0.061757
2021-04-09,58118.7,2066.93,0.061582
2021-04-10,59748.4,2133.79,0.063688
2021-04-11,59978.7,2151.42,0.07415
2021-04-12,59863.8,2137.81,0.070719
2021-04-13,63540.9,2299.93,0.093763
2021-04-14,62980.4,2431.56,0.121349
2021-04-15,63216,2514.22,0.182784
2021-04-16,61379.7,2423.18,0.365551
2021-04-17,60041.9,2318.33,0.281909
2021-04-18,56207.1,2237.17,0.322037
2021-04-19,55646.1,2160.63,0.407335
2021-04-20,56483.2,2332.14,0.317696
2021-04-21,53820.2,2360.81,0.305633
2021-04-22,51729.5,2401.1,0.26081
2021-04-23,51143.6,2367.31,0.248731
2021-04-24,50088.9,2215.93,0.270017
2021-04-25,48963.6,2316.48,0.251103
2021-04-26,54020.5,2533.12,0.269805
2021-04-27,55036.5,2665.24,0.270668
2021-04-28,54841.4,2746.54,0.323582
2021-04-29,53560.8,2757.36,0.30324
2021-04-30,57720.3,2772.78,0.336635
2021-05-01,57807.1,2944.66,0.390642
2021-05-02,56603.8,2950.33,0.372404
2021-05-03,57169.8,3429.37,0.438244
2021-05-04,53741.5,3286.71,0.559005
2021-05-05,57441.3,3522.76,0.655355
2021-05-06,56405.4,3489.52,0.579839
2021-05-07,57337.2,3481.22,0.68688
2021-05-08,58840.1,3905.55,0.634394
2021-05-09,58238.3,3922.23,0.568682
2021-05-10,55848.9,3947.9,0.449977
2021-05-11,56695.7,4167.78,0.493231
2021-05-12,49384.2,3811.77,0.389159
2021-05-13,49704.6,3719.62,0.48691
2021-05-14,49839.8,4075.38,0.559581
2021-05-15,46708.8,3641.65,0.507448
2021-05-16,46426.4,3582.12,0.513023
2021-05-17,43541.3,3279.68,0.486366
2021-05-18,42897.3,3377.55,0.474714
2021-05-19,36720.5,2435.69,0.330353
2021-05-20,40717.2,2777.55,0.397741
2021-05-21,37297.4,2433.11,0.358401
2021-05-22,37448.3,2291.6,0.341484
2021-05-23,34679.7,2101.34,0.305984
2021-05-24,38750.6,2646.79,0.364433
2021-05-25,38378.3,2705.09,0.345477
2021-05-26,39249.2,2884.66,0.350483
2021-05-27,38417.3,2735.88,0.332046
2021-05-28,35662.5,2414.29,0.31073
2021-05-29,34584.6,2276.07,0.302128
2021-05-30,35652.8,2386.1,0.301199
2021-05-31,37298.6,2708.47,0.323951
2021-06-01,36687.6,2633.67,0.369066
2021-06-02,37555.8,2706.1,0.42313
2021-06-03,39187.3,2853.35,0.399332
2021-06-04,36851.3,2686.5,0.37595
2021-06-05,35520,2628.98,0.371083
2021-06-06,35815.4,2713.66,0.369287
2021-06-07,33578,2592.63,0.329668
2021-06-08,33382.9,2510.65,0.326014
2021-06-09,37332.2,2606.23,0.342546
2021-06-10,36649.4,2469.97,0.324914
2021-06-11,37314.6,2351.45,0.316842
2021-06-12,35467.5,2368.47,0.309604
2021-06-13,39022.9,2508.27,0.321496
2021-06-14,40529.4,2581.48,0.326031
2021-06-15,40156.1,2543.83,0.318183
2021-06-16,38336,2367.28,0.304355
2021-06-17,38052,2371.62,0.302527
2021-06-18,35749.4,2229.53,0.291253
2021-06-19,35513.4,2166.91,0.281223
2021-06-20,35595.8,2243.86,0.27903
2021-06-21,31692,1891.18,0.179371
2021-06-22,32496.4,1876.66,0.190348
2021-06-23,33674.3,1968.39,0.234934
2021-06-24,34665.8,1989.14,0.262808
2021-06-25,31594,1810.57,0.237565
2021-06-26,32243.4,1830.62,0.244672
2021-06-27,34678.5,1979.88,0.263852
2021-06-28,34475.9,2083.09,0.255086
2021-06-29,35834.7,2158.71,0.26196
2021-06-30,35026.9,2273.84,0.253155
2021-07-01,33543.6,2109.11,0.243534
2021-07-02,33813.4,2154.78,0.244571
2021-07-03,34742.8,2224.7,0.246818
2021-07-04,35298.2,2323.22,0.241031
2021-07-05,33687.8,2196.16,0.230667
2021-07-06,34225.6,2322.72,0.233139
2021-07-07,33867.8,2316.57,0.222236
2021-07-08,32866.3,2120.22,0.207422
2021-07-09,33797.4,2145.89,0.219272
2021-07-10,33510.6,2111.12,0.213355
2021-07-11,34227.7,2139.35,0.214666
2021-07-12,33113,2035.09,0.207021
2021-07-13,32728.1,1940.72,0.199354
2021-07-14,32820.7,1994.64,0.197285
2021-07-15,31840.5,1917.21,0.18455
2021-07-16,31394,1878.2,0.171393
2021-07-17,31518.6,1897.98,0.186148
2021-07-18,31785.4,1892.42,0.179223
2021-07-19,30837.2,1818.07,0.172381
2021-07-20,29793.8,1786.07,0.16998
2021-07-21,32131.4,1994.49,0.1902
2021-07-22,32298.9,2024.58,0.190819
2021-07-23,33603.3,2123.61,0.194272
2021-07-24,33824.8,2151.85,0.194135
2021-07-25,35391.1,2189.79,0.197533
2021-07-26,37276.6,2229.53,0.203544
2021-07-27,39452,2300.22,0.20491
2021-07-28,40003.2,2299.11,0.205078
2021-07-29,40001.4,2380.93,0.202081
2021-07-30,42203.4,2460.95,0.207947
2021-07-31,41553.7,2532.19,0.206627
2021-08-01,39878.3,2556.23,0.203542
2021-08-02,39168.4,2608.04,0.202657
2021-08-03,38130.3,2506.65,0.195388
2021-08-04,39736.9,2725.29,0.200259
2021-08-05,40867.2,2827.21,0.199786
2021-08-06,42795.4,2889.43,0.203313
2021-08-07,44614.2,3158,0.261285
2021-08-08,43792.8,3012.07,0.239338
2021-08-09,46284.3,3162.93,0.253129
2021-08-10,45593.8,3140.71,0.243097
2021-08-11,45564.3,3163.66,0.262347
2021-08-12,44403.4,3043.61,0.252834
2021-08-13,47809.1,3322.43,0.282977
2021-08-14,47081.5,3264.69,0.291495
2021-08-15,46991.3,3308.87,0.337953
2021-08-16,45996.3,3147.65,0.305509
2021-08-17,44691.6,3014.58,0.293424
2021-08-18,44723.8,3016.91,0.297582
2021-08-19,46755.9,3184.82,0.316035
2021-08-20,49324,3284.21,0.313874
2021-08-21,48875.8,3223.96,0.298471
2021-08-22,49254.5,3238.7,0.308248
2021-08-23,49539.7,3319.49,0.312856
2021-08-24,49768.2,3329.47,0.307864